sendTextMessage,5.14456318404791,-->send-->SMS_message,-->exploit-->sendTextMessage,existing_malware-->subscribe-->premium-rate_service,-->send-->text_message,malware-->intercept-->incoming_SMS_message,first_Android_malware_FakePlayer-->send-->SMS_message,first_Android_malware_FakePlayer-->send_to-->multiple_premium-rate_number,-->send-->premium-rate_SMS_message,profitable_way-->subscribe-->premium-rate_service_such,sendTextMessage_method-->send-->SMS,-->send_with-->user_s_awareness,-->call-->sendTextMessage_method,-->take-->constant_premium-rate_phone_number,GGTracker-->sign-->user_s_knowledge,-->receive-->phone_number,sendTextMessage-->allow-->,onStart_method-->call-->method,-->flash-->device,first_application-->ask-->decision_point,-->send_to-->hard-coded_premium-rated_number,sendSMS_method-->call-->sensitive_function,-->sidestep-->second-confirmation_requirement,-->receive_from-->user_input,coarse-grained_Android_permission_model-->include-->additional_context_information,-->uncover-->fine-grained_API_semantics,-->allow-->legitimate_us,-->build-->graph_database,-->reveal-->value_parameter,malware-->cause_to-->infected_user,malware-->cause-->financial_charge,malware-->call-->sendTextMessage_method,user-->click-->button,effective_solution-->prevent-->,-->send-->private_data,unique_runtime_environment-->preclude-->deployment_technique,sensitive_function-->call-->,-->introduce-->artificial_delay,-->apply-->advanced_classification_algorithm,Constants-->convey-->semantic_information,app-->perform-->malicious_activity,malware-->require-->special_permission,-->expand-->coarse-grained_Android_permission_model,-->send-->predefined_message,-->ensure-->scalability,-->develop-->effective_solution,-->raise-->challenging_question,person-->do-->analysis,-->execute-->last_step,such_path-->represent-->actual_behavior_concern,user-->make-->sound,experience-->indicate-->,-->identify-->directed_path,-->use-->benign_graph_database,-->remove-->side_effect,-->perform-->preliminary_study,Constant_analysis-->disclose-->data_dependency_APIs,-->improve-->accuracy,-->analyze-->unique_path,-->perform-->similarity_checking,-->block-->billing_information,-->seek-->exact_match,individual_API_node-->play-->distinctive_role,Figure-->depict-->example_graph,same_path-->exist-->,-->belong_to-->GoldDream_malware_family,-->use-->perspective,user-->enter-->certain_information,-->contribute_to-->graph_similarity
SEND_SMS,2.6412188940331705,-->send-->SMS_message,-->correspond_to-->SMS_permission_SEND_SMS,-->send-->premium_number_SMS_message,-->send-->text_message,-->write-->SMS_database,WRITE_SMS-->write-->arbitrary_content,-->include-->malicious_apps,-->send-->background_SMS_message,Android_malwares-->abuse-->WRITE_SMS,-->abuse-->WRITE_SMS,Android_malwares-->abuse-->RECEIVE_SMS,-->abuse-->RECEIVE_SMS,-->send-->short_message,-->access-->Internet,malware-->disguise-->,-->request-->INTERNET,-->identify_for-->SEND_SMS_permission,paper-->introduce-->model_SD,V._S-->do-->malicious_behavior,-->schedule-->SMS,malware-->use-->,figure-->represent-->risk_level_pair_rule,DroidPAD-->verify-->other_SMS_message,-->add-->malware,-->analyze-->Android_security_permission_list,malware-->launch-->smishing_attack,application-->send-->SMS_message,SMS_message-->have-->embedded_URL,-->identify-->benign_usage_scenario,malware_sample-->request-->RECEIVE_BOOT_COMPLETED_permission,malicious_apps-->request-->,-->distinguish-->different_level_threat,malware-->need-->,-->determine-->SD_pair,Table-->summarize-->observed_usage_scenario,human_user-->notice-->,-->have-->greater_impact,-->publish-->new_application,-->perform-->Evaluation_experiment,-->test-->simple_Android_malware,-->append_from-->Alice,malware_family-->have-->SMS-related_malicious_functionality,-->perform_with-->standard_Java_tool,V._S-->perform-->useful_function,-->use-->combination_RECEIVE_SMS_SEND_SMS,malware-->use_for-->SEND_SMS_pair,malware-->use-->RECEIVE_SMS,such_signature-->pass-->installation-time_check,benign_usage_scenario-->involve-->user_input,-->require-->SEND_SMS_permission,-->originate_from-->appended_signature_BS5,-->measure-->false-negative_rate,-->send_to-->premium_rate_number,attacker-->modify-->AndroidManifest.xml,-->use-->INTERNET_permission_pair,-->specify-->application-level_permission,legitimate_application-->use-->INTERNET_permission_pair,-->require-->INTERNET,legitimate_application-->use-->READ_CONTACTS,malware-->use-->READ_CONTACTS,legitimate_application-->use-->legitimate_reason,application-->use_for-->legitimate_application,-->add_to-->existing_application,RECEIVE_SMS-->block-->incoming_SMS_message,benign_apps-->consist-->,-->use-->SMS,figure-->define-->,-->develop-->simple_Android_malware,-->steal-->money,malicious_apps-->belong-->,nt-->mean-->,-->use-->jarsigner,-->perform-->signing,-->present-->opportunity,Android-->use-->self-signed_certificate,-->allow_for-->embedded_ad_library,-->make-->effort,-->perform-->experiment,-->carry-->malicious_activity,-->offer-->numerous_product,-->block-->abuse_SEND_SMS,-->use-->free_online_service,-->test_with-->set_benchmark,-->make-->decision,-->add-->threat_point_combination,-->investigate-->malware_resilience,-->determine-->threat_level_application,-->develop-->sophisticated_probabilistic_generative_model,application-->use-->few_kind,kind_application-->use-->combination,-->send_with-->string,-->point_to-->malicious_URL
BOOT_COMPLETED,1.6776116199451916,-->register_for-->related_system-wide_event,-->infect-->phone,-->kick-->background_service,Geinimi-->listen_for-->instance,Geinimi-->listen_to-->event,malware_family-->listen-->event,Geinimi-->bootstrap-->background_service,-->trigger-->payload,Android_malware-->rely-->,-->report_for-->malware_family,-->trigger-->particular_event,-->report-->related_event,system-->finish-->booting_process,dataset-->contain-->application
RECEIVE_SMS,1.6171833679153715,-->send-->SMS_message,-->correspond_to-->SMS_permission_SEND_SMS,-->send-->premium_number_SMS_message,-->include-->malicious_apps,-->write-->SMS_database,WRITE_SMS-->write-->arbitrary_content,Android_malwares-->abuse-->WRITE_SMS,-->abuse-->RECEIVE_SMS,Android_malwares-->abuse-->RECEIVE_SMS,-->abuse-->WRITE_SMS,-->send-->SMS,malware-->disguise-->,-->request-->INTERNET,paper-->introduce-->model_SD,-->identify_for-->SEND_SMS_permission,V._S-->do-->malicious_behavior,malware-->use-->,figure-->represent-->risk_level_pair_rule,-->schedule-->SMS,-->analyze-->Android_security_permission_list,malware-->launch-->smishing_attack,-->test-->effectiveness,User-->compose-->SMS_body,-->use-->first_SMS_apps,SMS_message-->have-->embedded_URL,User-->configure-->subject_app,malware_sample-->request-->RECEIVE_BOOT_COMPLETED_permission,malicious_apps-->request-->,-->identify-->benign_usage_scenario,-->distinguish-->different_level_threat,malware-->need-->,-->determine-->SD_pair,-->have-->greater_impact,-->perform-->Evaluation_experiment,-->test-->simple_Android_malware,Table-->summarize-->observed_usage_scenario,malware_family-->have-->SMS-related_malicious_functionality,V._S-->perform-->useful_function,DroidPAD-->miss-->abuse_permission,-->conduct-->experiment,-->use-->combination_RECEIVE_SMS_SEND_SMS,-->append_from-->Alice,malware-->use_for-->SEND_SMS_pair,malware-->use-->RECEIVE_SMS,-->originate_from-->appended_signature_BS5,-->use-->INTERNET_permission_pair,legitimate_application-->use-->INTERNET_permission_pair,legitimate_application-->use-->READ_CONTACTS,malware-->use-->READ_CONTACTS,legitimate_application-->use-->legitimate_reason,application-->use_for-->legitimate_application,benign_usage_scenario-->involve-->user_input,benign_apps-->consist-->,-->use-->SMS,RECEIVE_SMS-->block-->incoming_SMS_message,figure-->define-->,-->develop-->simple_Android_malware,malicious_apps-->belong-->,nt-->mean-->,RogueLemon-->block-->incoming_SMS_message,-->allow_for-->embedded_ad_library,RogueLemon-->block_from-->certain_number,-->perform-->experiment,-->carry-->malicious_activity,-->test_with-->set_benchmark,-->add-->threat_point_combination,-->determine-->threat_level_application,application-->use-->few_kind,kind_application-->use-->combination,-->send_with-->string,-->point_to-->malicious_URL
onStart,1.3917533633545796,-->send_to-->remote_server,sendTextMessage_method-->send-->SMS,-->cost-->additional_phone_charge,-->call-->sendTextMessage_method,onStart_method-->call-->method,-->remove-->SMS,-->remove_from-->legitimate_mobile_service_provider,-->exploit-->Dalvik_class_capability,-->send_to-->hard-coded_premium-rated_number,sendSMS_method-->call-->sensitive_function,-->collect-->private_data,-->open_with-->text_editor,-->extend-->own_functionality,application-->send-->HTTP_POST_message,application-->have-->activity,-->hide-->additional_charge,-->send-->private_data,malware-->call-->sendTextMessage_method,activity-->obtain-->value,research_team-->discover-->Plankton,remote_server-->return-->URL,-->listen_for-->command,activity-->run-->,-->send-->predefined_message,-->find-->White_Paper_Android_MalwarePast_Present,command-->trigger-->action,-->initialize-->HTTP_POST_response,-->find-->FutureAfter_in-depth_analysis_code,creation_package_interface-->complicate-->static_analysis,-->create-->thread,Figure-->depict-->example_graph,client-->become-->,-->use-->fragment,s-->get-->application_flow,remote_server-->point-->jar_file,-->find-->interesting_string
onClick,1.2680897001954932,malware-->launch-->carried_payload,-->invoke-->own_SMS,user-->click-->app_icon,malware-->prompt-->user,carried_payload-->characterize-->existing_Android_malware,Malware-->charge_with-->knowledge,Malware-->charge-->user,app_s-->replace-->original_entry_activity,Malware-->do-->callback_handler,malware-->bootstrap-->,framework-->invoke-->such_callback,-->send-->SMS,malware_sample-->hijack-->,-->imply-->such_user_interaction,Android_apps-->make-->extensive_use_callback,user_interaction-->trigger-->such_handler,hijacking_activity-->allow-->malware,registration_number-->allow-->malware,app-->receive-->entry_activity_apps,-->trigger-->host_apps,Malware-->intend-->,-->expect-->registration_number,user-->click-->button,button-->lead-->onClick,-->apply-->transformation,browser-->render-->,-->survey-->dataset,code_path-->cost-->money,same_feature-->have-->legitimate_us,-->start-->host,-->look_for-->code_path,malware-->transmit-->sensitive_data,-->survey-->partition,-->change-->signature
onReceive,1.066473764237281,-->send-->SMS_message,event-->occur-->,-->receive-->SMS_message,-->deliver-->stolen_information,-->receive-->phone_call,Such_variation-->motivate-->,-->send-->broadcast,consecutive_API_invocation-->start-->entry_point_method
READ_CONTACTS,0.9649652494789518,-->access-->privacy_critical_information,-->verify-->effectiveness_FlaskDroid,-->prevent-->malware,-->request-->READ_CONTACTS_permission,Older_version_app-->request-->READ_SMS_permission,malware-->use-->,-->access-->LocationManager,-->access-->ContactsProvider,malware-->need-->,-->allow-->end-users,Android.Enesoluty20-->steal-->user_s_private_information,Android.LoozPhone19-->steal-->user_s_private_information,malware-->use-->RECEIVE_SMS,malware-->use_for-->SEND_SMS_pair,-->grant-->What-sApp_messenger,legitimate_application-->use-->INTERNET_permission_pair,-->use-->INTERNET_permission_pair,legitimate_application-->use-->READ_CONTACTS,malware-->use-->READ_CONTACTS,legitimate_application-->use-->legitimate_reason,-->use-->synthetic_test,-->implement-->architecture,Older_version_app-->request-->example,-->discuss-->SD,nt-->mean-->,-->require_for-->correct_functionality,-->allow_to-->fine-grained_configure,Designated_information-stealing_malware-->use-->permission,-->perform-->query,-->develop-->sophisticated_probabilistic_generative_model,-->allow-->client,kind_application-->use-->combination
setComponent,0.9180882070883403,-->exploit-->vulnerability,-->get-->Intent
abortBroadcast,0.7581443897719103,app-->intercept-->SMS_message,SMS_Trojan-->send_to-->premium_number,SMS_Trojan-->send-->short_message,app-->send-->SMS_message,-->express-->malware_behavior,-->send_to-->premium_number,rule-->express-->malware_behavior,app-->send_to-->certain_specific_premium_number,-->describe-->Zsone,receiver-->listen-->,app-->monitor-->incoming_SMS_message,-->apply-->behavioral_footprint,-->express-->rule,SMS_Trojan-->remove-->billing-related_notification_message,-->receive-->SMS_message,app-->contain-->receiver,-->reveal-->internal_tree_structure,-->use-->Zsone_example,-->utilize-->data_flow_analysis_algorithm,-->leverage-->call_graph,API-->call-->specific_component,-->lead_to-->discovery_instance,-->extend-->previous_rule,-->obtain-->rule,-->use-->rule
READ_PHONE_STATE,0.5782156520865368,-->send_to-->remote_server,-->communicate_with-->remote_server,-->download_from-->official_Android_Market,phone_call-->come-->,-->send-->SMS,-->remove_from-->Android_Market,-->request-->INTERNET,paper-->introduce-->model_SD,malware-->use-->,malicious_apps-->request-->,individual_permission-->threaten-->security_phone,-->distinguish-->different_level_threat,-->have-->greater_impact,-->send_to-->premium_rate_number,-->mitigate-->threat,-->use-->combination_RECEIVE_SMS_SEND_SMS,-->record-->phone_conversation,-->assign-->T_A_permission,-->discuss-->SD,-->allow_for-->embedded_ad_library,-->use-->certain_kind_function
onPrepareOptionsMenu,0.5000652152106083,event-->occur-->
RECORD_AUDIO,0.4531842896092923,-->send_to-->remote_server,-->make-->phone_call,phone_call-->come-->,-->mitigate-->threat,-->record-->phone_conversation,-->record-->audio,-->cause-->crash,-->develop-->new_technique
getDeviceId,0.3895424662001058,-->send-->text_message,-->send-->SMS,-->analyze-->malware_sample,-->build-->graph_database,-->access-->such_information,pre-installed_email-application-->contain-->getDeviceId,-->leave-->phone,user-->click-->button,sample-->obtain-->personal_data,-->return-->IMEI,-->ensure-->scalability,-->use-->explicit_class_Bluetooth_Location_NFC_Android_version_loading,-->use-->reflection,plenty_method-->return-->same_value
restartPackage,0.24146287487696472,malware_author-->upgrade_with-->such_dynamic_capability,malware_author-->upgrade-->payload,-->display-->dialog_window,-->take-->advantage_base,AnserverBot-->attempt-->,-->receive-->command,-->contain-->encrypted_name_software,-->stop-->particular_app,AnserverBot-->stop-->
READ_SMS,0.19415461144164806,-->verify-->effectiveness_FlaskDroid,-->request-->READ_CONTACTS_permission,-->request-->INTERNET,%_apps-->request-->READ_SMS,Older_version_app-->request-->READ_SMS_permission,malware-->use-->,percentage_apps-->request-->specific_permission,-->analyze-->Android_security_permission_list,malware_sample-->request-->RECEIVE_BOOT_COMPLETED_permission,-->access-->LocationManager,malicious_apps-->request-->,-->access-->ContactsProvider,malware_family-->have-->SMS-related_malicious_functionality,Android.Enesoluty20-->steal-->user_s_private_information,Android.LoozPhone19-->steal-->user_s_private_information,application-->request-->trend,-->grant-->What-sApp_messenger,percentage_apps-->request_for-->permission,-->add_for-->malware_dataset,-->use-->synthetic_test,-->add-->AC-CESS_LOCATION_EXTRA_COMMANDS,application-->use_for-->legitimate_application,-->use-->SMS,Older_version_app-->request-->example,-->allow_for-->embedded_ad_library,-->carry-->malicious_activity,permission-->represent-->datasets,-->require_for-->correct_functionality,Designated_information-stealing_malware-->use-->permission,-->add-->threat_point_combination,-->determine-->threat_level_application,-->develop-->sophisticated_probabilistic_generative_model,application-->use-->few_kind
onDestroy,0.16672601860450117,event-->occur-->,nt-->run-->application,-->avoid-->overhead,-->create-->thread
onCreateOptionsMenu,0.16669597302095476,event-->occur-->,-->use-->content_provider
sendMessage,0.14645659095205413,-->send-->text_message
getCurrentTime,0.14645659095205413,-->send-->text_message
isConnected,0.14645659095205413,-->send-->text_message
postMessage,0.13737542924118168,-->create-->object,browser-->have-->,-->eliminate-->false_positive,-->send_to-->website,-->raise-->question,-->stimulate-->discussion,-->perform-->experiment,-->fix-->vulnerability,-->use-->JavaScript
createFromPdu,0.12964331559018405,-->extract-->sender_phone_number,Zitmo-->create-->SMS_object,Dashed_arrow-->connect-->pair_node,mobile_phone-->receive-->SMS,-->deliver-->stolen_information,node-->contain-->entry_point_call,-->extract-->message_content,node-->contain-->call_prototype,-->send-->HTTP_request,-->combine-->knowledge_prototype,Such_variation-->motivate-->,consecutive_API_invocation-->start-->entry_point_method,Dashed_arrow-->indicate-->,-->combine_with-->data_dependency_information,data_dependency-->exist-->,-->encode-->string
getMessageBody,0.1263076599505166,-->extract-->sender_phone_number,Zitmo-->create-->SMS_object,Dashed_arrow-->connect-->pair_node,mobile_phone-->receive-->SMS,various_other_communication-related_API-->call-->sending_purpose,-->extract-->message_content,Zitmo_variant-->exploit-->,-->send-->HTTP_request,-->combine-->knowledge_prototype,Dashed_arrow-->indicate-->,-->combine_with-->data_dependency_information,data_dependency-->exist-->,-->encode-->string
getOriginatingAddress,0.1263076599505166,-->extract-->sender_phone_number,Zitmo-->create-->SMS_object,Dashed_arrow-->connect-->pair_node,mobile_phone-->receive-->SMS,various_other_communication-related_API-->call-->sending_purpose,-->extract-->message_content,Zitmo_variant-->exploit-->,-->send-->HTTP_request,-->combine-->knowledge_prototype,Dashed_arrow-->indicate-->,-->combine_with-->data_dependency_information,data_dependency-->exist-->,-->encode-->string
performItemClick,0.05045371159609636,SMS-->send-->,SMS-->send-->SMS_Activity_number,SMS-->send-->Confirmed_activity_switch_path_number,IMEI-->send-->,-->list-->several_Android_malwares,-->interact_with-->UI_element,-->traverse-->UI_tree_Activity,Dynamic_analysis-->mean-->time,-->present-->evaluation_result_testing,-->find-->other_Android_malware_family
performLongClick,0.05045371159609636,SMS-->send-->,SMS-->send-->SMS_Activity_number,SMS-->send-->Confirmed_activity_switch_path_number,IMEI-->send-->,-->list-->several_Android_malwares,-->interact_with-->UI_element,-->traverse-->UI_tree_Activity,Dynamic_analysis-->mean-->time,-->present-->evaluation_result_testing,-->find-->other_Android_malware_family
performClick,0.05045371159609636,SMS-->send-->,SMS-->send-->SMS_Activity_number,SMS-->send-->Confirmed_activity_switch_path_number,IMEI-->send-->,-->list-->several_Android_malwares,-->interact_with-->UI_element,-->traverse-->UI_tree_Activity,Dynamic_analysis-->mean-->time,-->present-->evaluation_result_testing,-->find-->other_Android_malware_family
onItemLongClick,0.05045371159609636,SMS-->send-->,SMS-->send-->SMS_Activity_number,SMS-->send-->Confirmed_activity_switch_path_number,IMEI-->send-->,-->list-->several_Android_malwares,-->interact_with-->UI_element,-->traverse-->UI_tree_Activity,Dynamic_analysis-->mean-->time,-->present-->evaluation_result_testing,-->find-->other_Android_malware_family
onNothingSelected,0.05045371159609636,SMS-->send-->,SMS-->send-->SMS_Activity_number,SMS-->send-->Confirmed_activity_switch_path_number,IMEI-->send-->,-->list-->several_Android_malwares,-->interact_with-->UI_element,-->traverse-->UI_tree_Activity,Dynamic_analysis-->mean-->time,-->present-->evaluation_result_testing,-->find-->other_Android_malware_family
setChecked,0.05045371159609636,SMS-->send-->,SMS-->send-->SMS_Activity_number,SMS-->send-->Confirmed_activity_switch_path_number,IMEI-->send-->,-->list-->several_Android_malwares,-->interact_with-->UI_element,-->traverse-->UI_tree_Activity,Dynamic_analysis-->mean-->time,-->present-->evaluation_result_testing,-->find-->other_Android_malware_family
onFocusChange,0.05045371159609636,SMS-->send-->,SMS-->send-->SMS_Activity_number,SMS-->send-->Confirmed_activity_switch_path_number,IMEI-->send-->,-->list-->several_Android_malwares,-->interact_with-->UI_element,-->traverse-->UI_tree_Activity,Dynamic_analysis-->mean-->time,-->present-->evaluation_result_testing,-->find-->other_Android_malware_family
onItemSelected,0.05045371159609636,SMS-->send-->,SMS-->send-->SMS_Activity_number,SMS-->send-->Confirmed_activity_switch_path_number,IMEI-->send-->,-->list-->several_Android_malwares,-->interact_with-->UI_element,-->traverse-->UI_tree_Activity,Dynamic_analysis-->mean-->time,-->present-->evaluation_result_testing,-->find-->other_Android_malware_family
ACCESS_NETWORK_STATE,0.04192682066486722,-->download_from-->official_Android_Market,-->request-->INTERNET,malware-->need-->,malicious_apps-->request-->,legitimate_application-->need-->,-->allow_for-->embedded_ad_library,legitimate_application-->use-->ACCESS_NETWORK_STATE,malware-->use-->INTERNET,-->determine-->network_status,-->group-->kind_permission,application-->provide-->robust_service
WRITE_EXTERNAL_STORAGE,0.04044599246759147,-->download_from-->official_Android_Market,-->request-->INTERNET,malicious_apps-->request-->,-->allow_for-->embedded_ad_library
INSTALLER_PACKAGE_NAME,0.03890518960207869,-->install-->package
getText,0.03430304188756855,-->take-->constant_premium-rate_phone_number,-->receive-->phone_number,-->receive_from-->user_input,-->uncover-->fine-grained_API_semantics,-->reveal-->value_parameter,Constants-->convey-->semantic_information,Constant_analysis-->disclose-->data_dependency_APIs,-->perform-->similarity_checking,-->seek-->exact_match,individual_API_node-->play-->distinctive_role,-->use-->perspective,-->contribute_to-->graph_similarity
getRunningTasks,0.029101231136607085,-->trigger-->attempt,-->specify-->string_logcat,-->call-->Runtime.exec_API,-->use-->native_utility_logcat
GET_TASKS,0.028191648800999676,-->trigger-->attempt,-->use-->similar_approach
getRunningAppProcesses,0.028190556254794094,-->trigger-->attempt
PACKAGE_ADDED,0.02506070168373296,other_application-->observe-->,-->broadcast-->PACKAGE_ADDED_intent,Android_application-->call-->AppIntegrity,AppIntegrity-->register-->handler,PACK-AGE_ADDED4_intent-->perform-->verification,Android_s_architecture-->permit-->entirety_application
SET_DEBUG_APP,0.022298787451036,malware_author-->download-->Android_s_source_code,-->disable-->anti-virus_software,SDK-->include-->API,malware_author-->build-->SDK,third_party_application-->have-->SET_DEBUG_APP_permission,-->make_for-->other_permission_label,-->record-->access_location_information,location_eavesdropping_malware-->require-->permission,Rule-->ensure-->,legitimate_application-->use-->permission,-->make-->Similar_rule,-->protect-->hidden_APIs,Voice-->require-->permission
onLocationChanged,0.02099963747300357,-->send-->SMS,-->send-->location_data
startActivity,0.015657278755971303,manufacturer-->customize-->smartphone_OS,manufacturer-->customize_for-->tablet,Google-->launch-->Android_Compatibility_Program,-->interact_with-->UI_element,manufacturer-->customize_for-->example,different_Android_component-->connect-->party,different_Android_component-->connect_through-->reference,-->send-->Intent,-->take-->screenshot,-->take-->picture,-->include-->category,-->invoke-->s_activity,-->guide-->customization_process,reference-->hang-->,-->use-->functionality,-->hang-->attribute_reference,activity-->complete-->,different_Android_component-->attribute-->,security_hazard-->arise-->,-->guard-->reference,-->put-->unregulated_ecosystem,serious_concern-->come-->aggressive_customization,friend-->send-->message,-->propagate-->taint,-->take-->proper_precaution,-->change-->OS,malware-->impersonate-->missing_telephony_provider,effort-->address-->serious_concern,-->fit-->different_device,-->find-->match,effort-->fail-->,-->use-->SMS/MMS_authority
checkPermission,0.013952877266861147,-->remove_from-->Android_Market,Permissions-->control-->access
ACCESS_FINE_LOCATION,0.013773967204137117,-->remove_from-->Android_Market,-->send_to-->premium_rate_number,-->execute-->activity,-->pose-->security_risk,-->overcome-->obstacle
setClassName,0.013142743657491953,manufacturer-->customize-->smartphone_OS,manufacturer-->customize_for-->tablet,Google-->launch-->Android_Compatibility_Program,manufacturer-->customize_for-->example,different_Android_component-->connect-->party,different_Android_component-->connect_through-->reference,-->invoke-->s_activity,-->guide-->customization_process,-->hang-->attribute_reference,different_Android_component-->attribute-->,security_hazard-->arise-->,-->put-->unregulated_ecosystem,serious_concern-->come-->aggressive_customization,friend-->send-->message,-->take-->proper_precaution,-->change-->OS,malware-->impersonate-->missing_telephony_provider,effort-->address-->serious_concern,-->fit-->different_device,effort-->fail-->,-->use-->SMS/MMS_authority
CHANGE_WIFI_STATE,0.010284423738558274,malicious_apps-->request-->more_permission,-->request-->CHANGE_WIFI_STATE_permission,malware_sample-->request-->RECEIVE_BOOT_COMPLETED_permission,malware-->run_with-->user_s_intervention,malware-->run-->background_service,Exploid_root-->exploit-->,-->require-->certain_hot_plug_event
toString,0.009027420223938975,-->integrate-->comprehensive_method_tracer,Java-->have_with-->most_programming_language,Java-->have-->notion_structure,Android_OS_modification-->enable-->,-->control-->network_access,user_base-->include-->developer,-->use-->option,-->use-->dynamic_analysis,-->relate_to-->dynamic_analysis_application,implementation-->gain-->%_speedup,-->enhance-->quality_result,proposed_framework-->direct-->scarce_analysis_resource,proposed_framework-->direct_to-->application,-->invoke_for-->return_value,invoked_method-->pass-->array_data_structure,-->extend-->user_base,application-->have-->greatest_potential,user_base-->include-->reverse_engineer,TraceDroid-->aid-->anti-virus_researcher,-->invoke_for-->parameter,return_value-->contain-->address,-->obtain-->textual_representation_item,TraceDroid-->print-->array_toString,trace_application-->perform-->,-->generate-->comprehensive_method,TraceDroid-->unfold-->array,-->require-->further_investigation,-->provide-->functionality,-->provide-->comprehensive_systematization_study,-->reconstruct-->malicious_instruction_trace,-->summarize-->large_number_project,-->contain-->identifier,track_function-->include-->timestamps,-->use_for-->debugging
getSimCountryIso,0.007607627502607546,-->analyze-->malware_sample,approach-->sink-->miss_data_leak,malware_sample-->exploit-->source_method,-->create-->sink_list,method-->return-->privacy-sensitive_information,-->leak-->privacy-sensitive_return_value,-->leak_to-->remote_web_server,-->leak_to-->web_server,-->include-->lot_method,-->analyze_from-->permission_map
getSimOperatorName,0.007607627502607546,-->analyze-->malware_sample,approach-->sink-->miss_data_leak,malware_sample-->exploit-->source_method,-->create-->sink_list,method-->return-->privacy-sensitive_information,-->leak-->privacy-sensitive_return_value,-->leak_to-->remote_web_server,-->leak_to-->web_server,-->include-->lot_method,-->analyze_from-->permission_map
getCountry,0.007607627502607546,-->analyze-->malware_sample,approach-->sink-->miss_data_leak,malware_sample-->exploit-->source_method,-->create-->sink_list,method-->return-->privacy-sensitive_information,-->leak-->privacy-sensitive_return_value,-->leak_to-->remote_web_server,-->leak_to-->web_server,-->include-->lot_method,-->analyze_from-->permission_map
BROADCAST_SMS,0.0062546902512296025,malware-->use-->,-->analyze-->Android_security_permission_list,application-->use_for-->legitimate_application,-->add-->threat_point_combination,-->determine-->threat_level_application,application-->use-->few_kind
RECEIVE_BOOT_COMPLETED,0.005570460484350753,-->request-->CHANGE_WIFI_STATE_permission,malware_sample-->request-->RECEIVE_BOOT_COMPLETED_permission,malicious_apps-->request-->,malware-->run_with-->user_s_intervention,malware-->run-->background_service,malware_family-->have-->SMS-related_malicious_functionality
KILL_BACKGROUND_PROCESSES,0.004657786625493648,third-party_app-->kill-->,-->download_from-->app_store,most_real-world_Android_malware-->do-->,-->steal-->sensitive_information,-->circumvent-->app-level_protection,-->close-->other_third-party_apps,-->control-->notification,Such_apps-->utilize-->Android_shared_resource,-->break-->Android_s_application_sandbox,-->steal_with-->protected_app,-->download-->Guardian_app,-->protect-->attempt,-->build-->Guardian,-->get-->top_activity,Guardian_app-->provide-->immediate_protection_apps,-->use-->KILL_BACKGROUND_PROCESSES_permission,RIG_app-->get-->chance
GET_ACCOUNTS,0.004657418857767675,Android_app-->hold-->,special_permission-->sniff-->online_account_credential,-->work_with-->password_manager,result-->account-->Android_s_permission_system,attacker-->add-->popular_permission,many_apps-->use-->STORAGE,user-->pay-->little_attention,-->copy_to-->clipboard,GET_ACCOUNTS_permission-->rank-->,-->copy-->online_account_credential
addJavascriptInterface,0.004187840004249368,-->perform-->static_analysis,user-->click-->button,-->make-->decision,-->use-->JavaScript
wipeData,0.004165602848235392,-->steal-->device,-->wipe-->device
getNetworkOperatorName,0.003841390849167794,permission_check-->protect-->call,study-->reveal-->malware_sample,-->send_to-->malicious_server,-->read-->network_operator_name,-->scatter-->permission_check,-->scatter_over-->several_layer_system,-->check-->Internet_permission,method-->return-->name_operator_carrier,malware_sample-->use-->method,-->create-->permission_map,-->enforce-->most_other_permission,-->use-->permission_map
startService,0.0031811313720369076,-->send_to-->infected_device,-->open_with-->text_editor,-->send-->White_Paper_Android_MalwarePast_Present,White_Paper_Android_MalwarePast_Present-->note-->,-->call-->startService_method,-->perform-->requested_action,-->collect-->information_related,-->obtain_from-->resource_application,-->execute-->command,-->receive-->command,-->execute-->following_code,application-->implement-->command,-->allow-->client,s-->get-->application_flow,-->find-->interesting_string
SYSTEM_ALERT_WINDOW,0.0030406690734394483,-->download_from-->app_store,most_real-world_Android_malware-->do-->,-->steal-->sensitive_information,-->send-->intent,-->circumvent-->app-level_protection,-->close-->other_third-party_apps,-->control-->notification,Such_apps-->utilize-->Android_shared_resource,-->break-->Android_s_application_sandbox,-->steal_with-->protected_app,-->download-->Guardian_app,-->get-->top_activity,Guardian_app-->provide-->immediate_protection_apps,RIG_app-->get-->chance
getResources,0.0029569304425026057,-->send_to-->infected_device,-->open_with-->text_editor,-->send-->White_Paper_Android_MalwarePast_Present,White_Paper_Android_MalwarePast_Present-->note-->,-->call-->startService_method,-->perform-->requested_action,-->collect-->information_related,-->obtain_from-->resource_application,-->execute-->command,-->receive-->command,-->execute-->following_code,application-->implement-->command,s-->get-->application_flow,-->find-->interesting_string
BIND_NOTIFICATION_LISTENER_SERVICE,0.0028960285163274688,-->download_from-->app_store,most_real-world_Android_malware-->do-->,-->steal-->sensitive_information,-->circumvent-->app-level_protection,-->close-->other_third-party_apps,-->control-->notification,Such_apps-->utilize-->Android_shared_resource,-->break-->Android_s_application_sandbox,-->steal_with-->protected_app,-->download-->Guardian_app,-->get-->top_activity,Guardian_app-->provide-->immediate_protection_apps,RIG_app-->get-->chance
addView,0.002723018637639308,Apps-->open-->new_Windows,-->replace-->Activity,-->place_over-->top_Activity,-->intercept-->user_input,Attacks-->draw_over-->other_apps,Apps-->draw-->content,user-->give-->certain_element,flag-->influence-->different_aspect_Window,malware-->cover-->,-->use-->native_code,type-->determine-->Window_Z-order,Attacks-->draw-->graphical_element,-->add-->graphical_element,malware-->change-->interpretation,API-->accept-->several_flag,several_flag-->determine-->,Attack_vector-->draw-->
registerReceiver,0.0025399544133973264,DED_decompiler-->create_from-->Android_application_code,A5-->invoke-->DED_decompiler,-->interact_with-->device,DED_decompiler-->create-->Java_class,-->register-->desire,A5-->traverse-->CFG
startActivityForResult,0.00250008256227338,-->run-->Android_version,-->send-->Intent,-->take-->picture,-->record-->audio,-->include-->category,activity-->complete-->,-->take-->video
MASTER_CLEAR,0.002338142564373037,-->register_with-->Google,-->use-->certificate,Android-->allow-->developer,-->sign_with-->same_key,-->steal-->money,-->find-->vulnerability
getLongitude,0.002254270454407515,-->assess-->TaintDroid,-->create-->separate_app,-->treat-->network_connection,-->obtain-->respective_data,-->leak-->respective_data
startForeground,0.002242138449895207,third-party_app-->kill-->,malicious_apps-->operate-->,App_Guardian-->work-->,-->protect-->attempt,-->build-->Guardian,-->use-->KILL_BACKGROUND_PROCESSES_permission
setMaximumFailedPasswordsForWipe,0.002082801424117696,-->steal-->device,-->wipe-->device
onActivityResult,0.0020060907750720424,-->take-->picture,-->record-->audio,-->call-->callback,-->introduce-->imprecision,-->take-->video
getMetrics,0.001982817787634746,device-->run-->same_Android_version,malware_author-->overcome-->technical_challenge,unique_feature_UI-->offer-->shortcut,-->make-->behavior_conspicuous,-->require-->installation_component,-->make-->malicious_activity,-->find_from-->Android_API_android.os.Build.VERSION,malware_author-->find-->much_simpler_solution,-->use-->significant_amount_resource,-->determine-->orientation
getRealSize,0.001982817787634746,device-->run-->same_Android_version,malware_author-->overcome-->technical_challenge,unique_feature_UI-->offer-->shortcut,-->make-->behavior_conspicuous,-->require-->installation_component,-->make-->malicious_activity,-->find_from-->Android_API_android.os.Build.VERSION,malware_author-->find-->much_simpler_solution,-->use-->significant_amount_resource,-->determine-->orientation
ACCESS_WIFI_STATE,0.00163520068180441,malware-->need-->,-->send_to-->premium_rate_number,legitimate_application-->need-->,legitimate_application-->use-->ACCESS_NETWORK_STATE,malware-->use-->INTERNET,-->determine-->network_status,-->group-->kind_permission,application-->provide-->robust_service
setPasswordExpirationTimeout,0.0015956673480838589,-->steal-->device,-->wipe-->device
onResume,0.0014742404991633928,-->get-->update,modification-->make-->
onPause,0.001167148998525698,-->traverse-->UI_element,-->activate_through-->intent,-->do-->nothing,-->use-->fragment
getLac,0.001140934435980294,-->obtain-->privacy-sensitive_information,sample-->reveal-->usage_method,sample-->use-->sink_method,-->use-->Google_Maps_Geolocation_API
getCid,0.001140934435980294,-->obtain-->privacy-sensitive_information,sample-->reveal-->usage_method,sample-->use-->sink_method,-->use-->Google_Maps_Geolocation_API
getMacAddress,0.000978283799492839,malware_sample-->exploit-->source_method,-->create-->sink_list,-->leak-->privacy-sensitive_return_value,-->leak_to-->remote_web_server,-->use-->Google_Maps_Geolocation_API,-->analyze_from-->permission_map
onPageStarted,0.0009145481673273104,-->update-->Android_browser_application,-->compute-->overhead,-->load-->webpage,TraceDroid-->introduce-->overhead,patch-->enable-->
putExtra,0.0007236299437695923,-->send-->email,-->send-->intent
onCreate,0.0007095760531704985,user-->click-->button,-->record-->audio,-->apply-->transformation,nt-->run-->application,-->create-->database,activity-->run-->,nt-->have-->,-->establish-->connection,-->use-->content_provider,-->create-->thread,-->find-->match,-->change-->signature,-->use-->fragment,-->use-->search
getLine1Number,0.0006670854256363622,-->perform-->static_analysis,-->evaluate-->detection_accuracy,-->realize-->security_goal
onStop,0.0006584465130784777,-->traverse-->UI_element,nt-->run-->application,activity-->run-->,-->do-->nothing,-->use-->fragment
getSubscriberId,0.0005971398626147034,-->build-->graph_database
putExtras,0.000578989386657613,-->send-->email
setFlags,0.000578989386657613,-->send-->email
setTimeout,0.0005049163552494696,-->perform-->dynamic_analysis,-->execute-->parameter,Examples-->include-->
setPasswordHistoryLength,0.00048713407603383707,-->wipe-->device
getSupportFragmentManager,0.0004829519392399418,user-->click-->button
CALL_PHONE,0.0004698275034692205,-->take-->picture,-->define-->security_requirement,Applications-->appear-->,-->develop-->sophisticated_probabilistic_generative_model
beginRecording,0.00035822876844051986,-->record-->audio
getDeviceList,0.00033911973308223844,-->obtain-->device
getPackageInfo,0.00030328776277504805,package/authority/permission_name-->obtain-->privilege,-->report-->security_issue,-->use-->functionality,reference-->hang-->,-->exploit-->opportunity,-->propagate-->taint,-->guard-->reference,-->use-->insight,-->associate_with-->attribute,-->present-->Examples_attack
getLastKnownLocation,0.00022930111927894252,-->compute-->location
getProvider,0.00022930111927894252,-->compute-->location
getAllProviders,0.00022930111927894252,-->compute-->location
surfaceChanged,0.00021160830240491265,-->take-->picture,-->take-->video
setPreviewSize,0.00021160830240491265,-->take-->picture,-->take-->video
getSupportedPreviewSizes,0.00021160830240491265,-->take-->picture,-->take-->video
setResult,0.00019556605700830727,-->take-->picture
BLUETOOTH_ADMIN,0.0001798826309054264,-->read-->documentation,-->accept-->connection,-->add-->new_node,-->use-->pattern
bindService,0.000170899031221727,-->expose-->interface,-->use-->functionality,reference-->hang-->,-->establish-->connection,-->propagate-->taint,-->guard-->reference,reference-->become-->,client-->become-->,-->allow-->client
checkCallingPermission,0.00016972915507534552,-->send-->broadcast
READ_LOGS,0.0001622295659403534,-->send_to-->premium_rate_number,-->read-->entry
sendBroadcast,0.00016205514733741674,-->send-->Intent,-->find-->vulnerability
finishActivity,0.00016136236846925054,-->send-->Intent
valueOf,0.00014666539917450376,-->execute-->additional_code,-->enforce-->isolation,-->execute-->following_code
WRITE_SETTINGS,0.0001446405571119793,-->send-->intent
applyBatch,0.0001446405571119793,-->send-->intent
openFileOutput,0.00014234663777491302,sensitive_function-->call-->,-->perform-->preliminary_study,user-->enter-->certain_information
onUpdate,0.00013685395958583222,-->have-->option
onBind,0.00013182037397767093,-->expose-->interface,-->allow-->client
setPreviewDisplay,0.0001250777892096358,Applications-->appear-->
setPairingConfirmation,0.00012188113025851347,Figure-->illustrate-->architecture
setPin,0.00012188113025851347,Figure-->illustrate-->architecture
onSensorChanged,0.00011768706258979014,modification-->make-->
setPackage,0.00011685882136022151,-->call-->startService_method,-->get-->Intent
stopSelf,0.0001128509778366024,-->call-->startService_method,client-->become-->,-->allow-->client
stopService,0.0001128509778366024,-->call-->startService_method,client-->become-->,-->allow-->client
onStartCommand,0.0001122266507386654,-->call-->startService_method,-->allow-->client
onSaveInstanceState,9.209406598140094e-05,-->do-->nothing
hasSystemFeature,8.993878679536148e-05,-->use-->functionality,-->propagate-->taint
clearHistory,8.037822506484089e-05,-->protect-->privacy
saveRecentQuery,8.037822506484089e-05,-->protect-->privacy
getType,7.976456799257638e-05,-->create-->database
createPackageContext,7.219433434344686e-05,-->compute-->slice,-->mount-->code_injection_attack,-->find-->large_number_application
onServiceConnected,6.67747912345452e-05,-->expose-->interface,-->provide-->feedback,-->create-->thread,-->allow-->client
onAccuracyChanged,5.884353129489507e-05,modification-->make-->
onPageFinished,5.7440398611058975e-05,-->load-->webpage
getLabel,5.44263024122737e-05,-->apply-->security_check
getData,4.798645754570494e-05,-->receive-->intent
getDataString,4.798645754570494e-05,-->receive-->intent
getSystemService,4.7054628993677564e-05,-->determine-->location_device
ACCESS_COARSE_LOCATION,3.9355279978341724e-05,Android-->allow-->developer,-->overcome-->obstacle,-->develop-->sophisticated_probabilistic_generative_model
addPreferencesFromResource,2.8752444500576746e-05,-->add-->resource
onListItemClick,2.8470309545837076e-05,nt-->have-->,-->use-->content_provider
stopForeground,2.6569277755381743e-05,activity-->run-->
onTouch,2.5541232641070953e-05,-->use-->emulator
onOptionsItemSelected,2.4686334169834854e-05,nt-->have-->
READ_CALL_LOG,2.118412678399114e-05,-->test-->hypothesis,-->require-->further_investigation
READ_EXTERNAL_STORAGE,2.118412678399114e-05,-->test-->hypothesis,-->require-->further_investigation
WRITE_CALL_LOG,2.118412678399114e-05,-->test-->hypothesis,-->require-->further_investigation
getStatus,2.0178420840478425e-05,-->have-->effect
goBack,1.534901099690016e-05,-->do-->nothing
goForward,1.534901099690016e-05,-->do-->nothing
setAttribute,1.2438467383277402e-05,-->insert-->modification
onPreferenceChange,1.0089210420239212e-05,-->have-->effect
getInstalledPackages,8.449897709768245e-06,-->exploit-->opportunity
setAction,6.544091025605683e-06,-->get-->Intent,reference-->become-->
removeChild,5.156029856834631e-06,-->modify-->page_content
getMemoryClass,4.945583585558713e-06,Most_apps-->focus-->
getLargeMemoryClass,4.945583585558713e-06,Most_apps-->focus-->
setOnUtteranceCompletedListener,4.679486906120989e-06,-->keep-->track
onAttach,3.783975376002223e-06,-->use-->content_provider
setHasOptionsMenu,3.783975376002223e-06,-->use-->content_provider
unbindService,3.749725957544315e-06,-->establish-->connection,client-->become-->
setContentView,3.125398859607325e-06,-->establish-->connection
getView,2.903692146010903e-06,-->perform-->query
WRITE_CALENDAR,2.6008345232771294e-06,-->add-->event
enforceCallingOrSelfPermission,2.5102588887960956e-06,-->add-->new_node
getMax,2.2117094614967046e-06,-->make-->decision
setServiceInfo,1.6811681240189264e-06,-->follow-->link
onTouchEvent,1.5637846396490757e-06,-->focus-->attention
onCreateLoader,1.4518460730054515e-06,-->perform-->query
openXmlResourceParser,1.2649472973445373e-06,-->find-->risk
fromString,1.0644302559369903e-06,-->accept-->connection
onCreateView,6.643116984825863e-07,-->use-->fragment
WRITE_CONTACTS,6.560207530212117e-07,-->develop-->sophisticated_probabilistic_generative_model,-->allow-->client
getRotation,6.419422926286098e-07,-->use-->fingerprint
onUnbind,6.081084253919304e-07,-->provide-->feedback
onInterrupt,6.081084253919304e-07,-->provide-->feedback
onAccessibilityEvent,6.081084253919304e-07,-->provide-->feedback
getTag,6.056293961690955e-07,-->use-->AES
getIdentity,6.056293961690955e-07,-->use-->AES
getAttribute,6.056293961690955e-07,-->use-->AES
openTypedAssetFile,4.143632956483682e-07,-->use-->pipe
openAssetFile,4.143632956483682e-07,-->use-->pipe
openAssetFileDescriptor,4.143632956483682e-07,-->use-->pipe
openPipeHelper,4.143632956483682e-07,-->use-->pipe
INSTALL_PACKAGES,4.0364880999216194e-07,-->develop-->sophisticated_probabilistic_generative_model
PROCESS_OUTGOING_CALLS,4.0364880999216194e-07,-->develop-->sophisticated_probabilistic_generative_model
htmlEncode,3.3817603867467927e-07,-->leave_to-->future_work
getService,2.523719430290497e-07,-->allow-->client
getFragmentManager,2.214372328275288e-07,-->use-->fragment
setDataSource,1.002459136296537e-07,-->turn-->attention
gluLookAt,1.002459136296537e-07,-->turn-->attention
loadDataWithBaseURL,7.230496471735335e-08,-->load-->page
shouldOverrideUrlLoading,5.6811043706491926e-08,-->load-->page
onSearchRequested,2.9366650000076026e-08,-->use-->search
loadUrl,2.0658561347815245e-08,-->load-->page
loadData,2.0658561347815245e-08,-->load-->page
setSearchableInfo,1.957776666671735e-08,-->use-->search
setDefaultKeyMode,1.957776666671735e-08,-->use-->search
